-- phpMyAdmin SQL Dump
-- version 5.2.0
-- https://www.phpmyadmin.net/
--
-- Host: localhost:3306
-- Generation Time: Apr 17, 2025 at 09:47 AM
-- Server version: 8.0.41
-- PHP Version: 8.2.28

SET SQL_MODE = "NO_AUTO_VALUE_ON_ZERO";
START TRANSACTION;
SET time_zone = "+00:00";


/*!40101 SET @OLD_CHARACTER_SET_CLIENT=@@CHARACTER_SET_CLIENT */;
/*!40101 SET @OLD_CHARACTER_SET_RESULTS=@@CHARACTER_SET_RESULTS */;
/*!40101 SET @OLD_COLLATION_CONNECTION=@@COLLATION_CONNECTION */;
/*!40101 SET NAMES utf8mb4 */;

--
-- Database: `sipkl`
--

-- --------------------------------------------------------

--
-- Table structure for table `failed_jobs`
--

CREATE TABLE `failed_jobs` (
  `id` bigint UNSIGNED NOT NULL,
  `uuid` varchar(255) COLLATE utf8mb4_unicode_ci NOT NULL,
  `connection` text COLLATE utf8mb4_unicode_ci NOT NULL,
  `queue` text COLLATE utf8mb4_unicode_ci NOT NULL,
  `payload` longtext COLLATE utf8mb4_unicode_ci NOT NULL,
  `exception` longtext COLLATE utf8mb4_unicode_ci NOT NULL,
  `failed_at` timestamp NOT NULL DEFAULT CURRENT_TIMESTAMP
) ENGINE=InnoDB DEFAULT CHARSET=utf8mb4 COLLATE=utf8mb4_unicode_ci;

-- --------------------------------------------------------

--
-- Table structure for table `jurusan`
--

CREATE TABLE `jurusan` (
  `id` bigint UNSIGNED NOT NULL,
  `nama_jurusan` varchar(255) COLLATE utf8mb4_unicode_ci NOT NULL,
  `kode_jurusan` varchar(255) COLLATE utf8mb4_unicode_ci NOT NULL,
  `created_at` timestamp NULL DEFAULT NULL,
  `updated_at` timestamp NULL DEFAULT NULL
) ENGINE=InnoDB DEFAULT CHARSET=utf8mb4 COLLATE=utf8mb4_unicode_ci;

--
-- Dumping data for table `jurusan`
--

INSERT INTO `jurusan` (`id`, `nama_jurusan`, `kode_jurusan`, `created_at`, `updated_at`) VALUES
(1, 'Teknik Jaringan Komputer dan Telekomunikasi', 'TJKT', '2025-04-17 02:11:53', '2025-04-17 02:11:53'),
(2, 'Teknik Kendaraan Ringan', 'TKR', '2025-04-17 02:11:53', '2025-04-17 02:11:53'),
(3, 'Desain Komunikasi Visual', 'DKV', '2025-04-17 02:11:53', '2025-04-17 02:11:53'),
(4, 'Manajemen Perkantoran dan Layanan Bisnis', 'MPLB', '2025-04-17 02:11:53', '2025-04-17 02:11:53');

-- --------------------------------------------------------

--
-- Table structure for table `kelas`
--

CREATE TABLE `kelas` (
  `id` bigint UNSIGNED NOT NULL,
  `nama_kelas` varchar(255) COLLATE utf8mb4_unicode_ci NOT NULL,
  `jurusan_id` bigint UNSIGNED NOT NULL,
  `tingkat` int NOT NULL,
  `created_at` timestamp NULL DEFAULT NULL,
  `updated_at` timestamp NULL DEFAULT NULL
) ENGINE=InnoDB DEFAULT CHARSET=utf8mb4 COLLATE=utf8mb4_unicode_ci;

--
-- Dumping data for table `kelas`
--

INSERT INTO `kelas` (`id`, `nama_kelas`, `jurusan_id`, `tingkat`, `created_at`, `updated_at`) VALUES
(1, 'XI TJKT 1', 1, 11, '2025-04-17 02:11:55', '2025-04-17 02:11:55'),
(2, 'XI TJKT 2', 1, 11, '2025-04-17 02:11:55', '2025-04-17 02:11:55'),
(3, 'XI TJKT 3', 1, 11, '2025-04-17 02:11:55', '2025-04-17 02:11:55'),
(4, 'XI TKR 1', 2, 11, '2025-04-17 02:11:55', '2025-04-17 02:11:55'),
(5, 'XI TKR 2', 2, 11, '2025-04-17 02:11:55', '2025-04-17 02:11:55'),
(6, 'XI TKR 3', 2, 11, '2025-04-17 02:11:55', '2025-04-17 02:11:55'),
(7, 'XI DKV 1', 3, 11, '2025-04-17 02:11:55', '2025-04-17 02:11:55'),
(8, 'XI DKV 2', 3, 11, '2025-04-17 02:11:55', '2025-04-17 02:11:55'),
(9, 'XI DKV 3', 3, 11, '2025-04-17 02:11:55', '2025-04-17 02:11:55'),
(10, 'XI MPLB 1', 4, 11, '2025-04-17 02:11:55', '2025-04-17 02:11:55'),
(11, 'XI MPLB 2', 4, 11, '2025-04-17 02:11:55', '2025-04-17 02:11:55');

-- --------------------------------------------------------

--
-- Table structure for table `migrations`
--

CREATE TABLE `migrations` (
  `id` int UNSIGNED NOT NULL,
  `migration` varchar(255) COLLATE utf8mb4_unicode_ci NOT NULL,
  `batch` int NOT NULL
) ENGINE=InnoDB DEFAULT CHARSET=utf8mb4 COLLATE=utf8mb4_unicode_ci;

--
-- Dumping data for table `migrations`
--

INSERT INTO `migrations` (`id`, `migration`, `batch`) VALUES
(1, '2014_10_12_000000_create_users_table', 1),
(2, '2014_10_12_100000_create_password_reset_tokens_table', 1),
(3, '2019_08_19_000000_create_failed_jobs_table', 1),
(4, '2019_12_14_000001_create_personal_access_tokens_table', 1),
(5, '2025_04_14_061020_create_jurusan_table', 1),
(6, '2025_04_14_061021_create_kelas_table', 1),
(7, '2025_04_14_061022_create_perusahaan_table', 1),
(8, '2025_04_14_061022_create_siswa_table', 1),
(9, '2025_04_14_061029_create_tempat_pkl_table', 1),
(10, '2025_04_14_075349_create_permission_tables', 1),
(11, '2025_04_15_051115_create_surat_izin_ortus_table', 1);

-- --------------------------------------------------------

--
-- Table structure for table `model_has_permissions`
--

CREATE TABLE `model_has_permissions` (
  `permission_id` bigint UNSIGNED NOT NULL,
  `model_type` varchar(255) COLLATE utf8mb4_unicode_ci NOT NULL,
  `model_id` bigint UNSIGNED NOT NULL
) ENGINE=InnoDB DEFAULT CHARSET=utf8mb4 COLLATE=utf8mb4_unicode_ci;

-- --------------------------------------------------------

--
-- Table structure for table `model_has_roles`
--

CREATE TABLE `model_has_roles` (
  `role_id` bigint UNSIGNED NOT NULL,
  `model_type` varchar(255) COLLATE utf8mb4_unicode_ci NOT NULL,
  `model_id` bigint UNSIGNED NOT NULL
) ENGINE=InnoDB DEFAULT CHARSET=utf8mb4 COLLATE=utf8mb4_unicode_ci;

-- --------------------------------------------------------

--
-- Table structure for table `password_reset_tokens`
--

CREATE TABLE `password_reset_tokens` (
  `email` varchar(255) COLLATE utf8mb4_unicode_ci NOT NULL,
  `token` varchar(255) COLLATE utf8mb4_unicode_ci NOT NULL,
  `created_at` timestamp NULL DEFAULT NULL
) ENGINE=InnoDB DEFAULT CHARSET=utf8mb4 COLLATE=utf8mb4_unicode_ci;

-- --------------------------------------------------------

--
-- Table structure for table `permissions`
--

CREATE TABLE `permissions` (
  `id` bigint UNSIGNED NOT NULL,
  `name` varchar(255) COLLATE utf8mb4_unicode_ci NOT NULL,
  `guard_name` varchar(255) COLLATE utf8mb4_unicode_ci NOT NULL,
  `created_at` timestamp NULL DEFAULT NULL,
  `updated_at` timestamp NULL DEFAULT NULL
) ENGINE=InnoDB DEFAULT CHARSET=utf8mb4 COLLATE=utf8mb4_unicode_ci;

-- --------------------------------------------------------

--
-- Table structure for table `personal_access_tokens`
--

CREATE TABLE `personal_access_tokens` (
  `id` bigint UNSIGNED NOT NULL,
  `tokenable_type` varchar(255) COLLATE utf8mb4_unicode_ci NOT NULL,
  `tokenable_id` bigint UNSIGNED NOT NULL,
  `name` varchar(255) COLLATE utf8mb4_unicode_ci NOT NULL,
  `token` varchar(64) COLLATE utf8mb4_unicode_ci NOT NULL,
  `abilities` text COLLATE utf8mb4_unicode_ci,
  `last_used_at` timestamp NULL DEFAULT NULL,
  `expires_at` timestamp NULL DEFAULT NULL,
  `created_at` timestamp NULL DEFAULT NULL,
  `updated_at` timestamp NULL DEFAULT NULL
) ENGINE=InnoDB DEFAULT CHARSET=utf8mb4 COLLATE=utf8mb4_unicode_ci;

-- --------------------------------------------------------

--
-- Table structure for table `perusahaan`
--

CREATE TABLE `perusahaan` (
  `id` bigint UNSIGNED NOT NULL,
  `nama_perusahaan` varchar(255) COLLATE utf8mb4_unicode_ci NOT NULL,
  `alamat` text COLLATE utf8mb4_unicode_ci NOT NULL,
  `kontak` varchar(255) COLLATE utf8mb4_unicode_ci NOT NULL,
  `created_at` timestamp NULL DEFAULT NULL,
  `updated_at` timestamp NULL DEFAULT NULL
) ENGINE=InnoDB DEFAULT CHARSET=utf8mb4 COLLATE=utf8mb4_unicode_ci;

--
-- Dumping data for table `perusahaan`
--

INSERT INTO `perusahaan` (`id`, `nama_perusahaan`, `alamat`, `kontak`, `created_at`, `updated_at`) VALUES
(1, 'PT. ABC Teknologi', 'Jl. Raya No. 123', '021-1234567', '2025-04-17 02:12:02', '2025-04-17 02:12:02'),
(2, 'CV. Def Software', 'Jl. Merdeka No. 45', '021-7654321', '2025-04-17 02:12:02', '2025-04-17 02:12:02'),
(3, 'PT. GHI Digital', 'Jl. Sudirman No. 678', '021-9876543', '2025-04-17 02:12:02', '2025-04-17 02:12:02');

-- --------------------------------------------------------

--
-- Table structure for table `roles`
--

CREATE TABLE `roles` (
  `id` bigint UNSIGNED NOT NULL,
  `name` varchar(255) COLLATE utf8mb4_unicode_ci NOT NULL,
  `guard_name` varchar(255) COLLATE utf8mb4_unicode_ci NOT NULL,
  `created_at` timestamp NULL DEFAULT NULL,
  `updated_at` timestamp NULL DEFAULT NULL
) ENGINE=InnoDB DEFAULT CHARSET=utf8mb4 COLLATE=utf8mb4_unicode_ci;

-- --------------------------------------------------------

--
-- Table structure for table `role_has_permissions`
--

CREATE TABLE `role_has_permissions` (
  `permission_id` bigint UNSIGNED NOT NULL,
  `role_id` bigint UNSIGNED NOT NULL
) ENGINE=InnoDB DEFAULT CHARSET=utf8mb4 COLLATE=utf8mb4_unicode_ci;

-- --------------------------------------------------------

--
-- Table structure for table `siswa`
--

CREATE TABLE `siswa` (
  `id` bigint UNSIGNED NOT NULL,
  `nama_siswa` varchar(255) COLLATE utf8mb4_unicode_ci NOT NULL,
  `nis` varchar(255) COLLATE utf8mb4_unicode_ci NOT NULL,
  `kelas_id` bigint UNSIGNED NOT NULL,
  `created_at` timestamp NULL DEFAULT NULL,
  `updated_at` timestamp NULL DEFAULT NULL
) ENGINE=InnoDB DEFAULT CHARSET=utf8mb4 COLLATE=utf8mb4_unicode_ci;

--
-- Dumping data for table `siswa`
--

INSERT INTO `siswa` (`id`, `nama_siswa`, `nis`, `kelas_id`, `created_at`, `updated_at`) VALUES
(1804, 'ADITIA NUGRAHA', '0088810732', 7, '2025-04-17 02:40:24', '2025-04-17 02:40:24'),
(1805, 'ADYNKA CHINTYA PUTRI', '0086198451', 7, '2025-04-17 02:40:24', '2025-04-17 02:40:24'),
(1806, 'AI LELA NURPARIJAH', '0085399292', 7, '2025-04-17 02:40:24', '2025-04-17 02:40:24'),
(1807, 'ALPIN ABDUL RAHMAN', '0072294423', 7, '2025-04-17 02:40:24', '2025-04-17 02:40:24'),
(1808, 'CHIKA DEWI AGUSTIN', '0077179001', 7, '2025-04-17 02:40:24', '2025-04-17 02:40:24'),
(1809, 'DESI MONIKA', '0075780773', 7, '2025-04-17 02:40:25', '2025-04-17 02:40:25'),
(1810, 'DJENAR MAESA AYU', '0078996126', 7, '2025-04-17 02:40:25', '2025-04-17 02:40:25'),
(1811, 'ELISSA TRI NOVITASARI', '0079153706', 7, '2025-04-17 02:40:26', '2025-04-17 02:40:26'),
(1812, 'FARIZ AQILLA MORITA', '0087023776', 7, '2025-04-17 02:40:26', '2025-04-17 02:40:26'),
(1813, 'HASNA SUMINAR', '0073146010', 7, '2025-04-17 02:40:26', '2025-04-17 02:40:26'),
(1814, 'IMA AYU NINGSIH', '0082711406', 7, '2025-04-17 02:40:26', '2025-04-17 02:40:26'),
(1815, 'IQBAL MAULANA', '0074955171', 7, '2025-04-17 02:40:26', '2025-04-17 02:40:26'),
(1816, 'JIHAN LALEA FITRI MAHARANI', '0081102369', 7, '2025-04-17 02:40:26', '2025-04-17 02:40:26'),
(1817, 'LIDIA RINA RAHAYU', '0077066937', 7, '2025-04-17 02:40:26', '2025-04-17 02:40:26'),
(1818, 'LUSIANA EKA AFIPAH', '0081773315', 7, '2025-04-17 02:40:26', '2025-04-17 02:40:26'),
(1819, 'MEGA ARDINA RAMADHANI', '0062513478', 7, '2025-04-17 02:40:26', '2025-04-17 02:40:26'),
(1820, 'MUHAMMAD FHIZKY PADILLAH', '0089302080', 7, '2025-04-17 02:40:26', '2025-04-17 02:40:26'),
(1821, 'NANANG USSAKIYAH RAMDHAN', '0067644201', 7, '2025-04-17 02:40:26', '2025-04-17 02:40:26'),
(1822, 'NATASYA HABIBILAH', '0079074214', 7, '2025-04-17 02:40:26', '2025-04-17 02:40:26'),
(1823, 'QINQIN RUBI RAHMAWATI', '0086701108', 7, '2025-04-17 02:40:26', '2025-04-17 02:40:26'),
(1824, 'RAFLI LATIF ILHAM', '0074839816', 7, '2025-04-17 02:40:26', '2025-04-17 02:40:26'),
(1825, 'RAHMA SEPTIANI', '0073592668', 7, '2025-04-17 02:40:26', '2025-04-17 02:40:26'),
(1826, 'RAISYA WIDIYA PUTRI', '3074119057', 7, '2025-04-17 02:40:26', '2025-04-17 02:40:26'),
(1827, 'RATNA PURNAMA SARI', '0074447182', 7, '2025-04-17 02:40:26', '2025-04-17 02:40:26'),
(1828, 'REGINA APRILIA', '0089988860', 7, '2025-04-17 02:40:26', '2025-04-17 02:40:26'),
(1829, 'REINA NAGATAWATI', '0082821616', 7, '2025-04-17 02:40:26', '2025-04-17 02:40:26'),
(1830, 'RENA ARIANI', '0088809609', 7, '2025-04-17 02:40:26', '2025-04-17 02:40:26'),
(1831, 'REVA ANGELIA PUTRI', '0084182867', 7, '2025-04-17 02:40:26', '2025-04-17 02:40:26'),
(1832, 'SABILA NUR RAMADHANI', '0078320925', 7, '2025-04-17 02:40:26', '2025-04-17 02:40:26'),
(1833, 'SALSA NABILA PUTRI', '3081148835', 7, '2025-04-17 02:40:26', '2025-04-17 02:40:26'),
(1834, 'SALSA NURHANDAYANI', '0079707101', 7, '2025-04-17 02:40:26', '2025-04-17 02:40:26'),
(1835, 'SELA OKTAVIANI', '0079494486', 7, '2025-04-17 02:40:26', '2025-04-17 02:40:26'),
(1836, 'SHAKIRA NURUL SOPWAH', '0075292970', 7, '2025-04-17 02:40:26', '2025-04-17 02:40:26'),
(1837, 'SHIFA OLIVIA', '0078295390', 7, '2025-04-17 02:40:26', '2025-04-17 02:40:26'),
(1838, 'VIRA CHANDIY ZULIANTI', '0078268281', 7, '2025-04-17 02:40:26', '2025-04-17 02:40:26'),
(1839, 'ZULFIYAN NIZZAR HARTANTO', '0084902740', 7, '2025-04-17 02:40:26', '2025-04-17 02:40:26'),
(1840, 'ALDI DZIKRI ALFIKRI', '0088054432', 8, '2025-04-17 02:40:26', '2025-04-17 02:40:26'),
(1841, 'ALISA MAHARANI', '0071161689', 8, '2025-04-17 02:40:26', '2025-04-17 02:40:26'),
(1842, 'ALISSYA ABELIA NOVTIANTI', '0076094202', 8, '2025-04-17 02:40:26', '2025-04-17 02:40:26'),
(1843, 'AMELIA PUTRI MAURA SALSABILA', '0085048606', 8, '2025-04-17 02:40:26', '2025-04-17 02:40:26'),
(1844, 'ANENG ANGGRAENI', '0067942298', 8, '2025-04-17 02:40:26', '2025-04-17 02:40:26'),
(1845, 'AYU RAHMAWATI', '0083425326', 8, '2025-04-17 02:40:26', '2025-04-17 02:40:26'),
(1846, 'CHINTIA NURSHAKILA RAMADHANI', '0088376616', 8, '2025-04-17 02:40:26', '2025-04-17 02:40:26'),
(1847, 'DEAN PEBRIAN MOH NUR HAZAMI', '3066133992', 8, '2025-04-17 02:40:26', '2025-04-17 02:40:26'),
(1848, 'DELISTIA SITI SAYIDINA', '0063072953', 8, '2025-04-17 02:40:26', '2025-04-17 02:40:26'),
(1849, 'DIKY JAENUDIN', '0069404938', 8, '2025-04-17 02:40:26', '2025-04-17 02:40:26'),
(1850, 'FAUZAN ABDUL AZIZ', '0078926441', 8, '2025-04-17 02:40:26', '2025-04-17 02:40:26'),
(1851, 'IKHSAN', '0079295797', 8, '2025-04-17 02:40:26', '2025-04-17 02:40:26'),
(1852, 'ISMI LASMINI', '0077543842', 8, '2025-04-17 02:40:26', '2025-04-17 02:40:26'),
(1853, 'KEVIN YULIAWAN', '0088697533', 8, '2025-04-17 02:40:26', '2025-04-17 02:40:26'),
(1854, 'KIRAN MAHARANI', '0073428156', 8, '2025-04-17 02:40:26', '2025-04-17 02:40:26'),
(1855, 'MILA RAHMAYANI', '0082990534', 8, '2025-04-17 02:40:26', '2025-04-17 02:40:26'),
(1856, 'MUHAMMAD JEHAN SAEPUL MULYA', '0083076300', 8, '2025-04-17 02:40:26', '2025-04-17 02:40:26'),
(1857, 'NAZAHRA NURMAULIDA', '0086307388', 8, '2025-04-17 02:40:26', '2025-04-17 02:40:26'),
(1858, 'NINIS ZAHROTUSSITA MUTIA', '0072779420', 8, '2025-04-17 02:40:26', '2025-04-17 02:40:26'),
(1859, 'NOVINKA NAURA SYAHLA HUSNAINI', '0073710174', 8, '2025-04-17 02:40:26', '2025-04-17 02:40:26'),
(1860, 'RENATA PUTRI', '0073248304', 8, '2025-04-17 02:40:26', '2025-04-17 02:40:26'),
(1861, 'RESTU FIRMANSYAH', '0079441749', 8, '2025-04-17 02:40:26', '2025-04-17 02:40:26'),
(1862, 'RESTU MUSYAROFAH', '0074727895', 8, '2025-04-17 02:40:26', '2025-04-17 02:40:26'),
(1863, 'RIFHA ROPIAH', '0076790690', 8, '2025-04-17 02:40:26', '2025-04-17 02:40:26'),
(1864, 'RIVA DASILVANYA RAMADHANTI NUGRAHA', '0071814436', 8, '2025-04-17 02:40:26', '2025-04-17 02:40:26'),
(1865, 'SHEILOMYTHA R ADELIA PUTRI', '0077276900', 8, '2025-04-17 02:40:26', '2025-04-17 02:40:26'),
(1866, 'SINO HAMBALLAH', '0072022374', 8, '2025-04-17 02:40:26', '2025-04-17 02:40:26'),
(1867, 'SINTIA SARAH', '0073812960', 8, '2025-04-17 02:40:26', '2025-04-17 02:40:26'),
(1868, 'SITI SADIAH', '0077374524', 8, '2025-04-17 02:40:26', '2025-04-17 02:40:26'),
(1869, 'SITI YULIAWATI', '0089721994', 8, '2025-04-17 02:40:26', '2025-04-17 02:40:26'),
(1870, 'TIARA AMELIA', '0076954259', 8, '2025-04-17 02:40:26', '2025-04-17 02:40:26'),
(1871, 'TIARA ZAHRAUTUSITA', '0089538731', 8, '2025-04-17 02:40:26', '2025-04-17 02:40:26'),
(1872, 'VIREYRA SUCI RAHMADITA SEPTIANI', '0078653450', 8, '2025-04-17 02:40:26', '2025-04-17 02:40:26'),
(1873, 'ZULFA MUBAROKAH', '0071115612', 8, '2025-04-17 02:40:26', '2025-04-17 02:40:26'),
(1874, 'ARDI MUHAMAD FIRDAUS', '0093583881', 9, '2025-04-17 02:40:26', '2025-04-17 02:40:26'),
(1875, 'ARIF MAULANA', '0067400997', 9, '2025-04-17 02:40:26', '2025-04-17 02:40:26'),
(1876, 'ARROFY AGUNG SETIA', '0075905320', 9, '2025-04-17 02:40:26', '2025-04-17 02:40:26'),
(1877, 'AYU WIDYA LESTARI', '0076178104', 9, '2025-04-17 02:40:26', '2025-04-17 02:40:26'),
(1878, 'DAPI ADITYA', '0075583820', 9, '2025-04-17 02:40:26', '2025-04-17 02:40:26'),
(1879, 'DAVIN DEDEN', '0073478798', 9, '2025-04-17 02:40:26', '2025-04-17 02:40:26'),
(1880, 'DELANI RAHMAWATI', '0075085239', 9, '2025-04-17 02:40:26', '2025-04-17 02:40:26'),
(1881, 'GIO OKTAVIAN RAMADHAN', '0078797056', 9, '2025-04-17 02:40:26', '2025-04-17 02:40:26'),
(1882, 'IBNU ATOILLAH', '0088704431', 9, '2025-04-17 02:40:26', '2025-04-17 02:40:26'),
(1883, 'ISMI SEKAR RAHAYU', '0077931053', 9, '2025-04-17 02:40:26', '2025-04-17 02:40:26'),
(1884, 'KARIENA DWI LESTARI', '0079093640', 9, '2025-04-17 02:40:26', '2025-04-17 02:40:26'),
(1885, 'MUHAMMAD DAFA FAHRI ROZIN', '0067234465', 9, '2025-04-17 02:40:26', '2025-04-17 02:40:26'),
(1886, 'MUHAMMAD FAJAR ADI MARSHA', '0088157462', 9, '2025-04-17 02:40:26', '2025-04-17 02:40:26'),
(1887, 'MUHAMMAD FIKRI ALI MASYKUR', '0083933182', 9, '2025-04-17 02:40:26', '2025-04-17 02:40:26'),
(1888, 'MUHAMMAD RAMDHAN', '0087599827', 9, '2025-04-17 02:40:26', '2025-04-17 02:40:26'),
(1889, 'MULYANTO', '0086507462', 9, '2025-04-17 02:40:26', '2025-04-17 02:40:26'),
(1890, 'NUR SITI RAHAYU', '0089865645', 9, '2025-04-17 02:40:26', '2025-04-17 02:40:26'),
(1891, 'RAIMA ZESILA', '0085605719', 9, '2025-04-17 02:40:26', '2025-04-17 02:40:26'),
(1892, 'REVAN ALFA MAULANA', '0072808769', 9, '2025-04-17 02:40:26', '2025-04-17 02:40:26'),
(1893, 'REVAN MUHAMAD SIFA', '0081747567', 9, '2025-04-17 02:40:26', '2025-04-17 02:40:26'),
(1894, 'REVI ALPIAN AKBAR', '0073858025', 9, '2025-04-17 02:40:26', '2025-04-17 02:40:26'),
(1895, 'RIRIN RIDAYANTI', '0073242102', 9, '2025-04-17 02:40:26', '2025-04-17 02:40:26'),
(1896, 'RISMA AGISTA', '0085469765', 9, '2025-04-17 02:40:26', '2025-04-17 02:40:26'),
(1897, 'RISTI AMELIA', '0072290630', 9, '2025-04-17 02:40:26', '2025-04-17 02:40:26'),
(1898, 'SITI AISAH', '0088258259', 9, '2025-04-17 02:40:26', '2025-04-17 02:40:26'),
(1899, 'SYAHRIL SHIDIQ', '0072547991', 9, '2025-04-17 02:40:26', '2025-04-17 02:40:26'),
(1900, 'WINDA SILVI AHDAYANI', '0076210740', 9, '2025-04-17 02:40:26', '2025-04-17 02:40:26'),
(1901, 'WIVA ULHASANAH', '0085594215', 9, '2025-04-17 02:40:26', '2025-04-17 02:40:26'),
(1902, 'YAYAN PERMANA', '0089930119', 9, '2025-04-17 02:40:26', '2025-04-17 02:40:26'),
(1903, 'YULI YUNITA', '0088824213', 9, '2025-04-17 02:40:26', '2025-04-17 02:40:26'),
(1904, 'YUSUF HAMALI', '0072071621', 9, '2025-04-17 02:40:26', '2025-04-17 02:40:26'),
(1905, 'ZANI ABDUL ROHMAN', '0071910689', 9, '2025-04-17 02:40:26', '2025-04-17 02:40:26'),
(1906, 'ZULFAH KALMA AGUSTIN', '0089579535', 9, '2025-04-17 02:40:26', '2025-04-17 02:40:26'),
(1907, 'AMANDA ZAHRA MAKAILA HIDAYAT', '0081784163', 10, '2025-04-17 02:40:26', '2025-04-17 02:40:26'),
(1908, 'ANISA LAELASARI', '0083470138', 10, '2025-04-17 02:40:26', '2025-04-17 02:40:26'),
(1909, 'ANISA SABILLAH', '0087453318', 10, '2025-04-17 02:40:26', '2025-04-17 02:40:26'),
(1910, 'CHINTIA NOVIANTI', '0071973880', 10, '2025-04-17 02:40:26', '2025-04-17 02:40:26'),
(1911, 'DILLA MAULIDA', '0089206208', 10, '2025-04-17 02:40:26', '2025-04-17 02:40:26'),
(1912, 'DINDA SITI NURLATIFAH', '0089548319', 10, '2025-04-17 02:40:26', '2025-04-17 02:40:26'),
(1913, 'ELSA ANJAINI', '0074927766', 10, '2025-04-17 02:40:26', '2025-04-17 02:40:26'),
(1914, 'ENJEL RAHMAWATI', '0076090440', 10, '2025-04-17 02:40:26', '2025-04-17 02:40:26'),
(1915, 'JESIKA AYU PRATAMA', '0088466785', 10, '2025-04-17 02:40:26', '2025-04-17 02:40:26'),
(1916, 'KARMILA MAHARANI', '0072815004', 10, '2025-04-17 02:40:26', '2025-04-17 02:40:26'),
(1917, 'LILIS ALISA HAJAR', '0064648404', 10, '2025-04-17 02:40:26', '2025-04-17 02:40:26'),
(1918, 'NAYLLA PEBRYANA SETIAWAN', '0083286925', 10, '2025-04-17 02:40:26', '2025-04-17 02:40:26'),
(1919, 'NAZWA ALIA SEPTIANI SURADIRJA', '0072742159', 10, '2025-04-17 02:40:26', '2025-04-17 02:40:26'),
(1920, 'NENDEN MUTIA', '0082135042', 10, '2025-04-17 02:40:26', '2025-04-17 02:40:26'),
(1921, 'NINA AMELIA', '0088865833', 10, '2025-04-17 02:40:26', '2025-04-17 02:40:26'),
(1922, 'NINDITA AMELIA', '0083577987', 10, '2025-04-17 02:40:26', '2025-04-17 02:40:26'),
(1923, 'NITA NURHAYATI', '0076004813', 10, '2025-04-17 02:40:26', '2025-04-17 02:40:26'),
(1924, 'RANI ANGGRAENI', '0074390982', 10, '2025-04-17 02:40:26', '2025-04-17 02:40:26'),
(1925, 'REFINHA DWI ANDINI', '0074782393', 10, '2025-04-17 02:40:26', '2025-04-17 02:40:26'),
(1926, 'REVA ANGGRAENI', '0075102232', 10, '2025-04-17 02:40:26', '2025-04-17 02:40:26'),
(1927, 'REVANI NURHASANAH', '0071448240', 10, '2025-04-17 02:40:26', '2025-04-17 02:40:26'),
(1928, 'ROSI TRIANI', '0079120374', 10, '2025-04-17 02:40:26', '2025-04-17 02:40:26'),
(1929, 'SINTA AMELIA', '0089631238', 10, '2025-04-17 02:40:26', '2025-04-17 02:40:26'),
(1930, 'SRI WULANDARI', '0074264333', 10, '2025-04-17 02:40:26', '2025-04-17 02:40:26'),
(1931, 'SUMIATI', '0079152300', 10, '2025-04-17 02:40:26', '2025-04-17 02:40:26'),
(1932, 'SYAHLA ALUNA INSANI', '0077971319', 10, '2025-04-17 02:40:26', '2025-04-17 02:40:26'),
(1933, 'TETI AGUSTIN', '0084981476', 10, '2025-04-17 02:40:26', '2025-04-17 02:40:26'),
(1934, 'TIARA REPTIYANI PUTRI', '0084071895', 10, '2025-04-17 02:40:26', '2025-04-17 02:40:26'),
(1935, 'VICKA APRILIA GUNAWAN', '0085532675', 10, '2025-04-17 02:40:26', '2025-04-17 02:40:26'),
(1936, 'WIDIA SARI', '0081120684', 10, '2025-04-17 02:40:26', '2025-04-17 02:40:26'),
(1937, 'YAYU ROHMAWATI', '0071626815', 10, '2025-04-17 02:40:26', '2025-04-17 02:40:26'),
(1938, 'ZASKIA RAHMAWATI', '0076250909', 10, '2025-04-17 02:40:26', '2025-04-17 02:40:26'),
(1939, 'AGISNI ALMAFIRA', '0089854948', 11, '2025-04-17 02:40:26', '2025-04-17 02:40:26'),
(1940, 'ALIEZDA CHIKAL NUGRAHA', '0087086952', 11, '2025-04-17 02:40:26', '2025-04-17 02:40:26'),
(1941, 'ALMA ASTIANI', '0089224576', 11, '2025-04-17 02:40:26', '2025-04-17 02:40:26'),
(1942, 'AYU YUSPITA', '0083803473', 11, '2025-04-17 02:40:26', '2025-04-17 02:40:26'),
(1943, 'CINDI PUTRI IRAWAN', '0082195734', 11, '2025-04-17 02:40:26', '2025-04-17 02:40:26'),
(1944, 'DEA PARAMITA', '0088076708', 11, '2025-04-17 02:40:26', '2025-04-17 02:40:26'),
(1945, 'DIAN SRI ALIFAH', '0077976011', 11, '2025-04-17 02:40:26', '2025-04-17 02:40:26'),
(1946, 'EVA RISMAWATI', '0087017525', 11, '2025-04-17 02:40:26', '2025-04-17 02:40:26'),
(1947, 'INDAH PITRIANI', '0073780841', 11, '2025-04-17 02:40:26', '2025-04-17 02:40:26'),
(1948, 'JESIKA MAHARANI', '0083916797', 11, '2025-04-17 02:40:26', '2025-04-17 02:40:26'),
(1949, 'LENI SUNDARI ADISTI', '0083967955', 11, '2025-04-17 02:40:26', '2025-04-17 02:40:26'),
(1950, 'LISFIYA RAMADHANI RASTY', '0075768438', 11, '2025-04-17 02:40:26', '2025-04-17 02:40:26'),
(1951, 'MELIA RAHMA NURFADILA', '0083587770', 11, '2025-04-17 02:40:26', '2025-04-17 02:40:26'),
(1952, 'NABILAH AININDIYA PUTRI', '0073572738', 11, '2025-04-17 02:40:26', '2025-04-17 02:40:26'),
(1953, 'NAZWA KAYLA RAMADANI', '0079450151', 11, '2025-04-17 02:40:26', '2025-04-17 02:40:26'),
(1954, 'NITA THALIYA OKTAVIANI', '0077816077', 11, '2025-04-17 02:40:26', '2025-04-17 02:40:26'),
(1955, 'NURMALASARI', '0078381460', 11, '2025-04-17 02:40:26', '2025-04-17 02:40:26'),
(1956, 'NURUL HANAYA SOLIHAH', '0055011723', 11, '2025-04-17 02:40:26', '2025-04-17 02:40:26'),
(1957, 'RADIN NURANI', '0074989471', 11, '2025-04-17 02:40:26', '2025-04-17 02:40:26'),
(1958, 'RAHMA NURFALAH', '0047902531', 11, '2025-04-17 02:40:26', '2025-04-17 02:40:26'),
(1959, 'RENA MELANI', '0073576664', 11, '2025-04-17 02:40:26', '2025-04-17 02:40:26'),
(1960, 'REVA ERNI YULIANI', '0074335231', 11, '2025-04-17 02:40:26', '2025-04-17 02:40:26'),
(1961, 'RIZKAROTU HIKMAH', '0072975230', 11, '2025-04-17 02:40:26', '2025-04-17 02:40:26'),
(1962, 'SINTA NURMANAH', '0079626382', 11, '2025-04-17 02:40:26', '2025-04-17 02:40:26'),
(1963, 'SITI ASYOFA SOFIYAH', '0089591941', 11, '2025-04-17 02:40:26', '2025-04-17 02:40:26'),
(1964, 'SITI AYU NURAPIPAH', '0071515394', 11, '2025-04-17 02:40:26', '2025-04-17 02:40:26'),
(1965, 'SUCI MUSLIHAH', '0081313537', 11, '2025-04-17 02:40:26', '2025-04-17 02:40:26'),
(1966, 'SYIFA ROHIMAH', '0064427905', 11, '2025-04-17 02:40:26', '2025-04-17 02:40:26'),
(1967, 'TIRA JULIA', '0071647228', 11, '2025-04-17 02:40:26', '2025-04-17 02:40:26'),
(1968, 'TRIYA HERAWATI', '0082700616', 11, '2025-04-17 02:40:26', '2025-04-17 02:40:26'),
(1969, 'VENI YULIANA RAMDANI', '0089440036', 11, '2025-04-17 02:40:26', '2025-04-17 02:40:26'),
(1970, 'VIONA INDRIYANI', '0086997752', 11, '2025-04-17 02:40:26', '2025-04-17 02:40:26'),
(1971, 'ZALFA SALSABILA', '0085013426', 11, '2025-04-17 02:40:26', '2025-04-17 02:40:26'),
(1972, 'ABDUL ROUP', '0078495769', 1, '2025-04-17 02:40:26', '2025-04-17 02:40:26'),
(1973, 'AGISNA AHMAD BUNZALLY', '0072173766', 1, '2025-04-17 02:40:26', '2025-04-17 02:40:26'),
(1974, 'AGUSTIN SULISTIAWATI', '0074393783', 1, '2025-04-17 02:40:26', '2025-04-17 02:40:26'),
(1975, 'AL MUZZADIN MAULANA', '0073063062', 1, '2025-04-17 02:40:26', '2025-04-17 02:40:26'),
(1976, 'BADEN MUHAMAD NUH', '0079910701', 1, '2025-04-17 02:40:26', '2025-04-17 02:40:26'),
(1977, 'DENITA', '0089060222', 1, '2025-04-17 02:40:26', '2025-04-17 02:40:26'),
(1978, 'DINANTY DWI NUGRAHAJAYANTI', '0071745786', 1, '2025-04-17 02:40:26', '2025-04-17 02:40:26'),
(1979, 'FACHRI ABDILLAH SIDIQ', '0083045911', 1, '2025-04-17 02:40:26', '2025-04-17 02:40:26'),
(1980, 'HARTINI', '0071441755', 1, '2025-04-17 02:40:26', '2025-04-17 02:40:26'),
(1981, 'HUSNUL CAHYA ADAM', '0062048991', 1, '2025-04-17 02:40:26', '2025-04-17 02:40:26'),
(1982, 'ILHAM MAULANA', '0079257588', 1, '2025-04-17 02:40:26', '2025-04-17 02:40:26'),
(1983, 'IMANIAR ZARKA', '0073272147', 1, '2025-04-17 02:40:26', '2025-04-17 02:40:26'),
(1984, 'JELSI', '0071238799', 1, '2025-04-17 02:40:26', '2025-04-17 02:40:26'),
(1985, 'JUNIAR CHRISTIAN HIJRIL', '0078915942', 1, '2025-04-17 02:40:26', '2025-04-17 02:40:26'),
(1986, 'LAILATUL QODARIAH', '0072304629', 1, '2025-04-17 02:40:26', '2025-04-17 02:40:26'),
(1987, 'LEPI', '0078318248', 1, '2025-04-17 02:40:26', '2025-04-17 02:40:26'),
(1988, 'LUSI RAHAYU', '0079004506', 1, '2025-04-17 02:40:26', '2025-04-17 02:40:26'),
(1989, 'MAULANA ARI ARDIANSYAH', '0087563526', 1, '2025-04-17 02:40:26', '2025-04-17 02:40:26'),
(1990, 'MESA', '0086088865', 1, '2025-04-17 02:40:26', '2025-04-17 02:40:26'),
(1991, 'MUHAMAD FAISAL YUDAN MATHORI', '0071307218', 1, '2025-04-17 02:40:26', '2025-04-17 02:40:26'),
(1992, 'MUHAMMAD RIZKI', '0081955339', 1, '2025-04-17 02:40:26', '2025-04-17 02:40:26'),
(1993, 'NURUL SAPITRI', '0073925919', 1, '2025-04-17 02:40:26', '2025-04-17 02:40:26'),
(1994, 'OVI HERLITA ANGGI', '0086151958', 1, '2025-04-17 02:40:26', '2025-04-17 02:40:26'),
(1995, 'RASTI', '0089120382', 1, '2025-04-17 02:40:26', '2025-04-17 02:40:26'),
(1996, 'RENDI GUSTIYANA', '0072863922', 1, '2025-04-17 02:40:26', '2025-04-17 02:40:26'),
(1997, 'RENITA SEPTIANI', '0072376420', 1, '2025-04-17 02:40:26', '2025-04-17 02:40:26'),
(1998, 'RESA RAMADANI', '0074802550', 1, '2025-04-17 02:40:26', '2025-04-17 02:40:26'),
(1999, 'SHERLIN MUTIARA', '0083549263', 1, '2025-04-17 02:40:26', '2025-04-17 02:40:26'),
(2000, 'SOPINA NURAENI', '0066791238', 1, '2025-04-17 02:40:26', '2025-04-17 02:40:26'),
(2001, 'SUSI SUSILAWATI', '0071978903', 1, '2025-04-17 02:40:26', '2025-04-17 02:40:26'),
(2002, 'SYAHRANI FEBRIANTI', '0085567033', 1, '2025-04-17 02:40:26', '2025-04-17 02:40:26'),
(2003, 'TASYA SITI MARYAM', '0074499501', 1, '2025-04-17 02:40:26', '2025-04-17 02:40:26'),
(2004, 'TEGUH RADITIA HENDRAWAN', '0084764556', 1, '2025-04-17 02:40:26', '2025-04-17 02:40:26'),
(2005, 'WIDIANA RAHAYU', '0081490960', 1, '2025-04-17 02:40:26', '2025-04-17 02:40:26'),
(2006, 'ALVIN AFANDI', '0074158971', 2, '2025-04-17 02:40:26', '2025-04-17 02:40:26'),
(2007, 'ALYA RAIHANA PRAMESTI', '0089511699', 2, '2025-04-17 02:40:26', '2025-04-17 02:40:26'),
(2008, 'AMELLIA FITRI', '0071010910', 2, '2025-04-17 02:40:26', '2025-04-17 02:40:26'),
(2009, 'ANDRI PEBRIANSYAH', '0074994394', 2, '2025-04-17 02:40:26', '2025-04-17 02:40:26'),
(2010, 'AXEL RAMADHAN', '0075947896', 2, '2025-04-17 02:40:26', '2025-04-17 02:40:26'),
(2011, 'CAHYATI', '0081330278', 2, '2025-04-17 02:40:26', '2025-04-17 02:40:26'),
(2012, 'CICI PATMALA', '0081696242', 2, '2025-04-17 02:40:26', '2025-04-17 02:40:26'),
(2013, 'CITRA RAHAYU EPENDI', '0073557345', 2, '2025-04-17 02:40:26', '2025-04-17 02:40:26'),
(2014, 'DEVI YULIANDINI', '0089697224', 2, '2025-04-17 02:40:26', '2025-04-17 02:40:26'),
(2015, 'DHIKA MOCH ALVIN', '0072711414', 2, '2025-04-17 02:40:26', '2025-04-17 02:40:26'),
(2016, 'DIKA', '0072321526', 2, '2025-04-17 02:40:26', '2025-04-17 02:40:26'),
(2017, 'FINA APRIL NUR\'AISYAH', '0086541506', 2, '2025-04-17 02:40:26', '2025-04-17 02:40:26'),
(2018, 'GISKA ANASTASYA KHAIRUNNISA', '0071315572', 2, '2025-04-17 02:40:26', '2025-04-17 02:40:26'),
(2019, 'HILAL ABDUL HALIM', '0075707620', 2, '2025-04-17 02:40:26', '2025-04-17 02:40:26'),
(2020, 'HUDAN RAMADANI', '0078397442', 2, '2025-04-17 02:40:26', '2025-04-17 02:40:26'),
(2021, 'ILPAN PRIANSYAH', '0077038114', 2, '2025-04-17 02:40:26', '2025-04-17 02:40:26'),
(2022, 'JIHAN PUTRI REINA', '0074022370', 2, '2025-04-17 02:40:26', '2025-04-17 02:40:26'),
(2023, 'KESA KHAEUL NISA', '0083596077', 2, '2025-04-17 02:40:26', '2025-04-17 02:40:26'),
(2024, 'MUHAMAD RANGGA RAMADHAN', '0085648687', 2, '2025-04-17 02:40:26', '2025-04-17 02:40:26'),
(2025, 'MUHAMMAD ARDIAN', '0073177728', 2, '2025-04-17 02:40:26', '2025-04-17 02:40:26'),
(2026, 'MUHAMMAD RENDY HIDAYAT', '0078357873', 2, '2025-04-17 02:40:26', '2025-04-17 02:40:26'),
(2027, 'NADILA OKTAVIANI', '0082695130', 2, '2025-04-17 02:40:26', '2025-04-17 02:40:26'),
(2028, 'RIANA JULIANTI', '0083874812', 2, '2025-04-17 02:40:26', '2025-04-17 02:40:26'),
(2029, 'RIFKI HADI MADUNATA', '0084554320', 2, '2025-04-17 02:40:26', '2025-04-17 02:40:26'),
(2030, 'RIKA APRIANTI', '0087725694', 2, '2025-04-17 02:40:26', '2025-04-17 02:40:26'),
(2031, 'RIMA DEWI MAHENDRA', '0087325009', 2, '2025-04-17 02:40:26', '2025-04-17 02:40:26'),
(2032, 'SEPTIAN MUHAMMAD SAPUTRA', '0074688957', 2, '2025-04-17 02:40:26', '2025-04-17 02:40:26'),
(2033, 'SERA NURUL SAHIRA', '0083767216', 2, '2025-04-17 02:40:26', '2025-04-17 02:40:26'),
(2034, 'SIFA AULIA SOFYAN', '0073872012', 2, '2025-04-17 02:40:26', '2025-04-17 02:40:26'),
(2035, 'SRI AYU NINGSIH', '0086218577', 2, '2025-04-17 02:40:26', '2025-04-17 02:40:26'),
(2036, 'SYIFA NURFADINI', '0089315922', 2, '2025-04-17 02:40:26', '2025-04-17 02:40:26'),
(2037, 'TASYA NATHA', '0071788929', 2, '2025-04-17 02:40:26', '2025-04-17 02:40:26'),
(2038, 'TEGUH M RIDWAN', '0074854164', 2, '2025-04-17 02:40:26', '2025-04-17 02:40:26'),
(2039, 'ALFIANSYAH GUNAWAN', '0073807486', 3, '2025-04-17 02:40:26', '2025-04-17 02:40:26'),
(2040, 'ANDRIYAN APAREL SAPUTRA', '0074437377', 3, '2025-04-17 02:40:26', '2025-04-17 02:40:26'),
(2041, 'ANGGI ANGGRAENI', '0087450400', 3, '2025-04-17 02:40:26', '2025-04-17 02:40:26'),
(2042, 'ARFA RIZA', '0074060082', 3, '2025-04-17 02:40:26', '2025-04-17 02:40:26'),
(2043, 'DEN RIDO ARDYANSYAH', '0076154284', 3, '2025-04-17 02:40:26', '2025-04-17 02:40:26'),
(2044, 'EGI CANDRA', '0074374448', 3, '2025-04-17 02:40:26', '2025-04-17 02:40:26'),
(2045, 'FITRA MUHAMMAD SALAM', '0076583235', 3, '2025-04-17 02:40:26', '2025-04-17 02:40:26'),
(2046, 'HANUM AISYAH ISWANDARI', '0076511979', 3, '2025-04-17 02:40:26', '2025-04-17 02:40:26'),
(2047, 'HARIS SUDRAJAT', '0072968380', 3, '2025-04-17 02:40:26', '2025-04-17 02:40:26'),
(2048, 'HILLMA YULIA NUR ASIA', '0088370045', 3, '2025-04-17 02:40:26', '2025-04-17 02:40:26'),
(2049, 'KAMELIA JUNIA', '0073271652', 3, '2025-04-17 02:40:26', '2025-04-17 02:40:26'),
(2050, 'MUHAMAD WILDAN', '0088131844', 3, '2025-04-17 02:40:26', '2025-04-17 02:40:26'),
(2051, 'MUHAMMAD GUNTUR', '0077714963', 3, '2025-04-17 02:40:26', '2025-04-17 02:40:26'),
(2052, 'MUHAMMAD SOLEH', '0071807043', 3, '2025-04-17 02:40:26', '2025-04-17 02:40:26'),
(2053, 'MUTIARA PUTRI', '0085107032', 3, '2025-04-17 02:40:26', '2025-04-17 02:40:26'),
(2054, 'NAJWAN SHIDDIQ FAADHILAH', '0087169741', 3, '2025-04-17 02:40:26', '2025-04-17 02:40:26'),
(2055, 'NUR AZIZAH', '0087693974', 3, '2025-04-17 02:40:26', '2025-04-17 02:40:26'),
(2056, 'RENDI PRATAMA', '0076229479', 3, '2025-04-17 02:40:26', '2025-04-17 02:40:26'),
(2057, 'RIKO VERNANDA', '0063298256', 3, '2025-04-17 02:40:26', '2025-04-17 02:40:26'),
(2058, 'RIONALDY', '0077544389', 3, '2025-04-17 02:40:26', '2025-04-17 02:40:26'),
(2059, 'RISA SRI S NINGRUM', '0088026216', 3, '2025-04-17 02:40:26', '2025-04-17 02:40:26'),
(2060, 'RIZAL NURDIANSYAH', '0075458240', 3, '2025-04-17 02:40:26', '2025-04-17 02:40:26'),
(2061, 'RIZKI SOPIAN', '0054082963', 3, '2025-04-17 02:40:26', '2025-04-17 02:40:26'),
(2062, 'SANI SUTAWIJAYA', '0074674385', 3, '2025-04-17 02:40:26', '2025-04-17 02:40:26'),
(2063, 'SARI APRILIANI', '0086395763', 3, '2025-04-17 02:40:26', '2025-04-17 02:40:26'),
(2064, 'SINDI SITI SOPIA', '0074526294', 3, '2025-04-17 02:40:26', '2025-04-17 02:40:26'),
(2065, 'SRI DEPI', '0076623961', 3, '2025-04-17 02:40:26', '2025-04-17 02:40:26'),
(2066, 'SULASTRI', '0089199623', 3, '2025-04-17 02:40:26', '2025-04-17 02:40:26'),
(2067, 'VINA RAHMAWATI', '0088621757', 3, '2025-04-17 02:40:26', '2025-04-17 02:40:26'),
(2068, 'WIKA INTAN RAMADANI', '0084781131', 3, '2025-04-17 02:40:26', '2025-04-17 02:40:26'),
(2069, 'WILDAN', '0078381135', 3, '2025-04-17 02:40:26', '2025-04-17 02:40:26'),
(2070, 'YUSUP SAEPUDIN', '0071625563', 3, '2025-04-17 02:40:26', '2025-04-17 02:40:26'),
(2071, 'AAB ABDUL ROJAK', '0066657432', 4, '2025-04-17 02:40:26', '2025-04-17 02:40:26'),
(2072, 'ABDUL RAPI NUGRAHA', '0088088988', 4, '2025-04-17 02:40:26', '2025-04-17 02:40:26'),
(2073, 'ABDUL ROHIM', '0074016830', 4, '2025-04-17 02:40:26', '2025-04-17 02:40:26'),
(2074, 'ADE HENDRA', '0075408391', 4, '2025-04-17 02:40:26', '2025-04-17 02:40:26'),
(2075, 'ADI SETIAWAN', '0074291978', 4, '2025-04-17 02:40:26', '2025-04-17 02:40:26'),
(2076, 'DENDIYANSYAH', '0078062670', 4, '2025-04-17 02:40:26', '2025-04-17 02:40:26'),
(2077, 'DIKA ALPAUZAN', '0082357029', 4, '2025-04-17 02:40:26', '2025-04-17 02:40:26'),
(2078, 'DODI AGUNG SAPUTRA', '0073209574', 4, '2025-04-17 02:40:26', '2025-04-17 02:40:26'),
(2079, 'FAHRI ALI', '0077121245', 4, '2025-04-17 02:40:26', '2025-04-17 02:40:26'),
(2080, 'FARDAN MAUDI JUNAEDI', '0089576551', 4, '2025-04-17 02:40:26', '2025-04-17 02:40:26'),
(2081, 'FAREL MUHAMAD FALLAH', '0078169435', 4, '2025-04-17 02:40:26', '2025-04-17 02:40:26'),
(2082, 'GAGAN GUNARA AZIS SUNARTA', '0071392945', 4, '2025-04-17 02:40:26', '2025-04-17 02:40:26'),
(2083, 'GILANG AHMAD DARMAWAN', '0078165488', 4, '2025-04-17 02:40:26', '2025-04-17 02:40:26'),
(2084, 'HILMAN ARIFIN', '0088099070', 4, '2025-04-17 02:40:26', '2025-04-17 02:40:26'),
(2085, 'JEPRI SURYADI', '0087340481', 4, '2025-04-17 02:40:26', '2025-04-17 02:40:26'),
(2086, 'LEVI YANSAH NUGRAHA', '0073352325', 4, '2025-04-17 02:40:26', '2025-04-17 02:40:26'),
(2087, 'MUHAMAD PASYA', '0071583435', 4, '2025-04-17 02:40:26', '2025-04-17 02:40:26'),
(2088, 'MUHAMAD RIFKI ILHAM S', '0085494752', 4, '2025-04-17 02:40:26', '2025-04-17 02:40:26'),
(2089, 'MUHAMAD RIJAL', '0086180596', 4, '2025-04-17 02:40:26', '2025-04-17 02:40:26'),
(2090, 'MUHAMAD RIJKI ABDULLOH', '0072175598', 4, '2025-04-17 02:40:26', '2025-04-17 02:40:26'),
(2091, 'MUHAMMAD ARDIANSYAH', '0073885073', 4, '2025-04-17 02:40:26', '2025-04-17 02:40:26'),
(2092, 'MUHAMMAD FAHRI MAULANA', '0079371107', 4, '2025-04-17 02:40:26', '2025-04-17 02:40:26'),
(2093, 'MUHAMMAD FARHAN', '0076826389', 4, '2025-04-17 02:40:26', '2025-04-17 02:40:26'),
(2094, 'NIPTAH PARID', '0077673090', 4, '2025-04-17 02:40:26', '2025-04-17 02:40:26'),
(2095, 'PIKRI MUHAMAD PIRMANSYAH', '0074505382', 4, '2025-04-17 02:40:26', '2025-04-17 02:40:26'),
(2096, 'RAIHAN HANDIKA', '0087469938', 4, '2025-04-17 02:40:26', '2025-04-17 02:40:26'),
(2097, 'RAPI MUHAMAD REJA', '0071821434', 4, '2025-04-17 02:40:26', '2025-04-17 02:40:26'),
(2098, 'RIZKI RAMDANI', '0074131280', 4, '2025-04-17 02:40:26', '2025-04-17 02:40:26'),
(2099, 'ROBI PEBRIANSYAH', '0066001803', 4, '2025-04-17 02:40:26', '2025-04-17 02:40:26'),
(2100, 'SURYANA', '0083307667', 4, '2025-04-17 02:40:26', '2025-04-17 02:40:26'),
(2101, 'VEBRI MAULANA BANGUN KUSUMA YUDA', '0079694465', 4, '2025-04-17 02:40:26', '2025-04-17 02:40:26'),
(2102, 'WAHYUDIN HIDAYATTULLOH', '0087114449', 4, '2025-04-17 02:40:26', '2025-04-17 02:40:26'),
(2103, 'ADITYA SETIAWAN', '0076980081', 5, '2025-04-17 02:40:26', '2025-04-17 02:40:26'),
(2104, 'ADRIAN BAMBANG PAMUNGKAS', '0078618296', 5, '2025-04-17 02:40:26', '2025-04-17 02:40:26'),
(2105, 'AHMAD MAKI RYANA', '0086964983', 5, '2025-04-17 02:40:26', '2025-04-17 02:40:26'),
(2106, 'AHMAD SIDIK MAULANA', '0073601725', 5, '2025-04-17 02:40:26', '2025-04-17 02:40:26'),
(2107, 'AJI SEPTIAN', '0074347218', 5, '2025-04-17 02:40:26', '2025-04-17 02:40:26'),
(2108, 'ALDO ABDI PERMANA', '0075023781', 5, '2025-04-17 02:40:26', '2025-04-17 02:40:26'),
(2109, 'DARUL TAHQIK KURNIAWAN', '0075361960', 5, '2025-04-17 02:40:26', '2025-04-17 02:40:26'),
(2110, 'DEDEN ABDILAH ALPASANI', '0076742912', 5, '2025-04-17 02:40:26', '2025-04-17 02:40:26'),
(2111, 'DEDEN NUGRAHA', '0074133485', 5, '2025-04-17 02:40:26', '2025-04-17 02:40:26'),
(2112, 'DIAN ARDIANSYAH', '0083974502', 5, '2025-04-17 02:40:26', '2025-04-17 02:40:26'),
(2113, 'DIMAS HERDIANSYAH', '0079766956', 5, '2025-04-17 02:40:26', '2025-04-17 02:40:26'),
(2114, 'EGITIAR PRANA PUTRA', '0089335801', 5, '2025-04-17 02:40:26', '2025-04-17 02:40:26'),
(2115, 'FADILAH YUSUP', '0077207095', 5, '2025-04-17 02:40:26', '2025-04-17 02:40:26'),
(2116, 'FAREL ANDREAS', '0074725699', 5, '2025-04-17 02:40:26', '2025-04-17 02:40:26'),
(2117, 'GANGAN MUHAMAD RAHAYU', '0089146106', 5, '2025-04-17 02:40:26', '2025-04-17 02:40:26'),
(2118, 'ILHAM AGUSTIAN', '0089493016', 5, '2025-04-17 02:40:26', '2025-04-17 02:40:26'),
(2119, 'JENI', '0078325239', 5, '2025-04-17 02:40:26', '2025-04-17 02:40:26'),
(2120, 'KHOFA RIZAL', '0073995026', 5, '2025-04-17 02:40:26', '2025-04-17 02:40:26'),
(2121, 'LAZUARDIENAN MUHAMAD UTAMA', '0089284682', 5, '2025-04-17 02:40:26', '2025-04-17 02:40:26'),
(2122, 'MAHMUDIN', '0072268281', 5, '2025-04-17 02:40:26', '2025-04-17 02:40:26'),
(2123, 'MUHAMAD FARDAN FADILAH', '0083478673', 5, '2025-04-17 02:40:26', '2025-04-17 02:40:26'),
(2124, 'MUHAMAD FASYA NUR ROHMAN', '0088062820', 5, '2025-04-17 02:40:26', '2025-04-17 02:40:26'),
(2125, 'MUHAMAD FAUZAN', '0079670593', 5, '2025-04-17 02:40:26', '2025-04-17 02:40:26'),
(2126, 'MUHAMAD IDRUS', '0088234540', 5, '2025-04-17 02:40:26', '2025-04-17 02:40:26'),
(2127, 'MUHAMMAD REFAN ZALALUDIN', '0079183905', 5, '2025-04-17 02:40:26', '2025-04-17 02:40:26'),
(2128, 'NANDO RISZKY BAPNES', '0076927170', 5, '2025-04-17 02:40:26', '2025-04-17 02:40:26'),
(2129, 'PARHAN TAOFIQURROHMAN', '0071796413', 5, '2025-04-17 02:40:26', '2025-04-17 02:40:26'),
(2130, 'RAYHAN ARDIAN SYAH', '0074086743', 5, '2025-04-17 02:40:26', '2025-04-17 02:40:26'),
(2131, 'RIANA', '0073022507', 5, '2025-04-17 02:40:26', '2025-04-17 02:40:26'),
(2132, 'RIDWAN KURNIAWAN', '0069172503', 5, '2025-04-17 02:40:26', '2025-04-17 02:40:26'),
(2133, 'RIFAN AHMAD SOPIAN', '0077313477', 5, '2025-04-17 02:40:26', '2025-04-17 02:40:26'),
(2134, 'RIFQI ALVINANDI NUGRAHA', '0079661954', 5, '2025-04-17 02:40:26', '2025-04-17 02:40:26'),
(2135, 'RINO MUHAMAD AZRIAH', '0076558382', 5, '2025-04-17 02:40:26', '2025-04-17 02:40:26'),
(2136, 'RIZKY FADILAH', '0084285081', 5, '2025-04-17 02:40:26', '2025-04-17 02:40:26'),
(2137, 'SAFFA ALIF RAMADHAN', '0079677209', 5, '2025-04-17 02:40:26', '2025-04-17 02:40:26'),
(2138, 'ALFAN FAUJAN', '0072718103', 6, '2025-04-17 02:40:26', '2025-04-17 02:40:26'),
(2139, 'ALIS NURAENI', '0085202727', 6, '2025-04-17 02:40:26', '2025-04-17 02:40:26'),
(2140, 'ALNA AHMAD MAULUDIN', '0076514206', 6, '2025-04-17 02:40:26', '2025-04-17 02:40:26'),
(2141, 'ANDHIKA NOVAL BAGAS SETIAWAN', '0084212129', 6, '2025-04-17 02:40:26', '2025-04-17 02:40:26'),
(2142, 'ARDIANSYAH', '0073787507', 6, '2025-04-17 02:40:26', '2025-04-17 02:40:26'),
(2143, 'AZIS ISMAIL', '0074413154', 6, '2025-04-17 02:40:26', '2025-04-17 02:40:26'),
(2144, 'DAFA ALFAREJA', '0075591226', 6, '2025-04-17 02:40:26', '2025-04-17 02:40:26'),
(2145, 'DANI SETIAWAN', '0079871687', 6, '2025-04-17 02:40:26', '2025-04-17 02:40:26'),
(2146, 'DANIS AJIS SENTOSA', '0075202247', 6, '2025-04-17 02:40:26', '2025-04-17 02:40:26'),
(2147, 'DEDE FAUZI', '0071208098', 6, '2025-04-17 02:40:26', '2025-04-17 02:40:26'),
(2148, 'DIEN RAHMAN ALNOVITNOOR SUPENDI', '0076378708', 6, '2025-04-17 02:40:26', '2025-04-17 02:40:26'),
(2149, 'FAJAR FADLILAH', '0076938030', 6, '2025-04-17 02:40:26', '2025-04-17 02:40:26'),
(2150, 'FERDI HARDIANSYAH', '0076057882', 6, '2025-04-17 02:40:26', '2025-04-17 02:40:26'),
(2151, 'GIAN ALFIAN RIJKI', '0076007111', 6, '2025-04-17 02:40:26', '2025-04-17 02:40:26'),
(2152, 'GILANG RAMDANI', '0061432052', 6, '2025-04-17 02:40:26', '2025-04-17 02:40:26'),
(2153, 'IPAN HARDIYANA', '0064670889', 6, '2025-04-17 02:40:26', '2025-04-17 02:40:26'),
(2154, 'MOHAMAD ILHAM KRISANDI', '0077486580', 6, '2025-04-17 02:40:27', '2025-04-17 02:40:27'),
(2155, 'MUHAMAD ALFATH IKMAL', '0089750331', 6, '2025-04-17 02:40:27', '2025-04-17 02:40:27'),
(2156, 'MUHAMAD REFALDI', '0072121979', 6, '2025-04-17 02:40:27', '2025-04-17 02:40:27'),
(2157, 'MUHAMAD RIDHO AL FAIZ', '0083453220', 6, '2025-04-17 02:40:27', '2025-04-17 02:40:27'),
(2158, 'MUHAMAD WILDAN', '0086608707', 6, '2025-04-17 02:40:27', '2025-04-17 02:40:27'),
(2159, 'MUHAMMAD GHALLIH TACKBIRAKBAR', '0074241634', 6, '2025-04-17 02:40:27', '2025-04-17 02:40:27'),
(2160, 'MUHAMMAD REVAN SYAHRIDAN', '0075042041', 6, '2025-04-17 02:40:27', '2025-04-17 02:40:27'),
(2161, 'MUHAMMAD RIZKY FADILLAH', '0089132482', 6, '2025-04-17 02:40:27', '2025-04-17 02:40:27'),
(2162, 'MUHAMMAD SYAHIL', '0079315841', 6, '2025-04-17 02:40:27', '2025-04-17 02:40:27'),
(2163, 'MUHAMMAD WILDAN MUHOLLAD', '0076734969', 6, '2025-04-17 02:40:27', '2025-04-17 02:40:27'),
(2164, 'NANDA AULIA SIDIK', '0089687710', 6, '2025-04-17 02:40:27', '2025-04-17 02:40:27'),
(2165, 'RADLI', '0089681366', 6, '2025-04-17 02:40:27', '2025-04-17 02:40:27'),
(2166, 'REVAN ADI FIRMANSYAH', '0067935397', 6, '2025-04-17 02:40:27', '2025-04-17 02:40:27'),
(2167, 'RIO REKA PRATAMA', '0079348200', 6, '2025-04-17 02:40:27', '2025-04-17 02:40:27'),
(2168, 'RIPALDI AGUSTIAN', '0086042940', 6, '2025-04-17 02:40:27', '2025-04-17 02:40:27'),
(2169, 'RIVAN', '0078836291', 6, '2025-04-17 02:40:27', '2025-04-17 02:40:27'),
(2170, 'RIZAL LUDIN AKMAL', '0085923839', 6, '2025-04-17 02:40:27', '2025-04-17 02:40:27'),
(2171, 'SANDI HARYADI', '0062261984', 6, '2025-04-17 02:40:27', '2025-04-17 02:40:27'),
(2172, 'SOPIAN', '0089058844', 6, '2025-04-17 02:40:27', '2025-04-17 02:40:27'),
(2173, 'YUSUF SAEPUDIN', '0071640501', 6, '2025-04-17 02:40:27', '2025-04-17 02:40:27');

-- --------------------------------------------------------

--
-- Table structure for table `surat_izin_ortu`
--

CREATE TABLE `surat_izin_ortu` (
  `id` bigint UNSIGNED NOT NULL,
  `nomor_surat` varchar(255) COLLATE utf8mb4_unicode_ci NOT NULL,
  `tanggal_surat` date NOT NULL,
  `siswa_id` bigint UNSIGNED NOT NULL,
  `nama_ortu` varchar(255) COLLATE utf8mb4_unicode_ci NOT NULL,
  `alamat_ortu` varchar(255) COLLATE utf8mb4_unicode_ci NOT NULL,
  `created_at` timestamp NULL DEFAULT NULL,
  `updated_at` timestamp NULL DEFAULT NULL
) ENGINE=InnoDB DEFAULT CHARSET=utf8mb4 COLLATE=utf8mb4_unicode_ci;

-- --------------------------------------------------------

--
-- Table structure for table `tempat_pkl`
--

CREATE TABLE `tempat_pkl` (
  `id` bigint UNSIGNED NOT NULL,
  `siswa_id` bigint UNSIGNED NOT NULL,
  `perusahaan_id` bigint UNSIGNED NOT NULL,
  `tanggal_mulai` date NOT NULL,
  `tanggal_selesai` date NOT NULL,
  `surat_kesediaan_path` varchar(255) COLLATE utf8mb4_unicode_ci DEFAULT NULL,
  `surat_izin_path` varchar(255) COLLATE utf8mb4_unicode_ci DEFAULT NULL,
  `created_by` bigint UNSIGNED NOT NULL,
  `created_at` timestamp NULL DEFAULT NULL,
  `updated_at` timestamp NULL DEFAULT NULL
) ENGINE=InnoDB DEFAULT CHARSET=utf8mb4 COLLATE=utf8mb4_unicode_ci;

-- --------------------------------------------------------

--
-- Table structure for table `users`
--

CREATE TABLE `users` (
  `id` bigint UNSIGNED NOT NULL,
  `name` varchar(255) COLLATE utf8mb4_unicode_ci NOT NULL,
  `email` varchar(255) COLLATE utf8mb4_unicode_ci NOT NULL,
  `email_verified_at` timestamp NULL DEFAULT NULL,
  `password` varchar(255) COLLATE utf8mb4_unicode_ci NOT NULL,
  `role` varchar(255) COLLATE utf8mb4_unicode_ci NOT NULL DEFAULT 'kepala_program',
  `remember_token` varchar(100) COLLATE utf8mb4_unicode_ci DEFAULT NULL,
  `created_at` timestamp NULL DEFAULT NULL,
  `updated_at` timestamp NULL DEFAULT NULL
) ENGINE=InnoDB DEFAULT CHARSET=utf8mb4 COLLATE=utf8mb4_unicode_ci;

--
-- Dumping data for table `users`
--

INSERT INTO `users` (`id`, `name`, `email`, `email_verified_at`, `password`, `role`, `remember_token`, `created_at`, `updated_at`) VALUES
(1, 'Kepala Program', 'kepalaprogram@example.com', NULL, '$2y$12$gIhaljGgfbN9XwueVB.FO.GT5WPCWzpOZ4x1m5ZZc3Of53TcIBaKi', 'kepala_program', NULL, '2025-04-17 02:12:15', '2025-04-17 02:12:15'),
(2, 'Panitia PKL', 'panitia@example.com', NULL, '$2y$12$eYEPkTuX3dKO5ERc8V2w3.kLZfGGtKz/erMA1zaa90wNbLQwbdoUu', 'panitia', NULL, '2025-04-17 02:12:16', '2025-04-17 02:12:16');

--
-- Indexes for dumped tables
--

--
-- Indexes for table `failed_jobs`
--
ALTER TABLE `failed_jobs`
  ADD PRIMARY KEY (`id`),
  ADD UNIQUE KEY `failed_jobs_uuid_unique` (`uuid`);

--
-- Indexes for table `jurusan`
--
ALTER TABLE `jurusan`
  ADD PRIMARY KEY (`id`),
  ADD UNIQUE KEY `jurusan_kode_jurusan_unique` (`kode_jurusan`);

--
-- Indexes for table `kelas`
--
ALTER TABLE `kelas`
  ADD PRIMARY KEY (`id`),
  ADD KEY `kelas_jurusan_id_foreign` (`jurusan_id`);

--
-- Indexes for table `migrations`
--
ALTER TABLE `migrations`
  ADD PRIMARY KEY (`id`);

--
-- Indexes for table `model_has_permissions`
--
ALTER TABLE `model_has_permissions`
  ADD PRIMARY KEY (`permission_id`,`model_id`,`model_type`),
  ADD KEY `model_has_permissions_model_id_model_type_index` (`model_id`,`model_type`);

--
-- Indexes for table `model_has_roles`
--
ALTER TABLE `model_has_roles`
  ADD PRIMARY KEY (`role_id`,`model_id`,`model_type`),
  ADD KEY `model_has_roles_model_id_model_type_index` (`model_id`,`model_type`);

--
-- Indexes for table `password_reset_tokens`
--
ALTER TABLE `password_reset_tokens`
  ADD PRIMARY KEY (`email`);

--
-- Indexes for table `permissions`
--
ALTER TABLE `permissions`
  ADD PRIMARY KEY (`id`),
  ADD UNIQUE KEY `permissions_name_guard_name_unique` (`name`,`guard_name`);

--
-- Indexes for table `personal_access_tokens`
--
ALTER TABLE `personal_access_tokens`
  ADD PRIMARY KEY (`id`),
  ADD UNIQUE KEY `personal_access_tokens_token_unique` (`token`),
  ADD KEY `personal_access_tokens_tokenable_type_tokenable_id_index` (`tokenable_type`,`tokenable_id`);

--
-- Indexes for table `perusahaan`
--
ALTER TABLE `perusahaan`
  ADD PRIMARY KEY (`id`);

--
-- Indexes for table `roles`
--
ALTER TABLE `roles`
  ADD PRIMARY KEY (`id`),
  ADD UNIQUE KEY `roles_name_guard_name_unique` (`name`,`guard_name`);

--
-- Indexes for table `role_has_permissions`
--
ALTER TABLE `role_has_permissions`
  ADD PRIMARY KEY (`permission_id`,`role_id`),
  ADD KEY `role_has_permissions_role_id_foreign` (`role_id`);

--
-- Indexes for table `siswa`
--
ALTER TABLE `siswa`
  ADD PRIMARY KEY (`id`),
  ADD UNIQUE KEY `siswa_nis_unique` (`nis`),
  ADD KEY `siswa_kelas_id_foreign` (`kelas_id`);

--
-- Indexes for table `surat_izin_ortu`
--
ALTER TABLE `surat_izin_ortu`
  ADD PRIMARY KEY (`id`),
  ADD KEY `surat_izin_ortu_siswa_id_foreign` (`siswa_id`);

--
-- Indexes for table `tempat_pkl`
--
ALTER TABLE `tempat_pkl`
  ADD PRIMARY KEY (`id`),
  ADD KEY `tempat_pkl_siswa_id_foreign` (`siswa_id`),
  ADD KEY `tempat_pkl_perusahaan_id_foreign` (`perusahaan_id`),
  ADD KEY `tempat_pkl_created_by_foreign` (`created_by`);

--
-- Indexes for table `users`
--
ALTER TABLE `users`
  ADD PRIMARY KEY (`id`),
  ADD UNIQUE KEY `users_email_unique` (`email`);

--
-- AUTO_INCREMENT for dumped tables
--

--
-- AUTO_INCREMENT for table `failed_jobs`
--
ALTER TABLE `failed_jobs`
  MODIFY `id` bigint UNSIGNED NOT NULL AUTO_INCREMENT;

--
-- AUTO_INCREMENT for table `jurusan`
--
ALTER TABLE `jurusan`
  MODIFY `id` bigint UNSIGNED NOT NULL AUTO_INCREMENT, AUTO_INCREMENT=5;

--
-- AUTO_INCREMENT for table `kelas`
--
ALTER TABLE `kelas`
  MODIFY `id` bigint UNSIGNED NOT NULL AUTO_INCREMENT, AUTO_INCREMENT=12;

--
-- AUTO_INCREMENT for table `migrations`
--
ALTER TABLE `migrations`
  MODIFY `id` int UNSIGNED NOT NULL AUTO_INCREMENT, AUTO_INCREMENT=12;

--
-- AUTO_INCREMENT for table `permissions`
--
ALTER TABLE `permissions`
  MODIFY `id` bigint UNSIGNED NOT NULL AUTO_INCREMENT;

--
-- AUTO_INCREMENT for table `personal_access_tokens`
--
ALTER TABLE `personal_access_tokens`
  MODIFY `id` bigint UNSIGNED NOT NULL AUTO_INCREMENT;

--
-- AUTO_INCREMENT for table `perusahaan`
--
ALTER TABLE `perusahaan`
  MODIFY `id` bigint UNSIGNED NOT NULL AUTO_INCREMENT, AUTO_INCREMENT=4;

--
-- AUTO_INCREMENT for table `roles`
--
ALTER TABLE `roles`
  MODIFY `id` bigint UNSIGNED NOT NULL AUTO_INCREMENT;

--
-- AUTO_INCREMENT for table `siswa`
--
ALTER TABLE `siswa`
  MODIFY `id` bigint UNSIGNED NOT NULL AUTO_INCREMENT, AUTO_INCREMENT=2174;

--
-- AUTO_INCREMENT for table `surat_izin_ortu`
--
ALTER TABLE `surat_izin_ortu`
  MODIFY `id` bigint UNSIGNED NOT NULL AUTO_INCREMENT;

--
-- AUTO_INCREMENT for table `tempat_pkl`
--
ALTER TABLE `tempat_pkl`
  MODIFY `id` bigint UNSIGNED NOT NULL AUTO_INCREMENT;

--
-- AUTO_INCREMENT for table `users`
--
ALTER TABLE `users`
  MODIFY `id` bigint UNSIGNED NOT NULL AUTO_INCREMENT, AUTO_INCREMENT=3;

--
-- Constraints for dumped tables
--

--
-- Constraints for table `kelas`
--
ALTER TABLE `kelas`
  ADD CONSTRAINT `kelas_jurusan_id_foreign` FOREIGN KEY (`jurusan_id`) REFERENCES `jurusan` (`id`) ON DELETE CASCADE;

--
-- Constraints for table `model_has_permissions`
--
ALTER TABLE `model_has_permissions`
  ADD CONSTRAINT `model_has_permissions_permission_id_foreign` FOREIGN KEY (`permission_id`) REFERENCES `permissions` (`id`) ON DELETE CASCADE;

--
-- Constraints for table `model_has_roles`
--
ALTER TABLE `model_has_roles`
  ADD CONSTRAINT `model_has_roles_role_id_foreign` FOREIGN KEY (`role_id`) REFERENCES `roles` (`id`) ON DELETE CASCADE;

--
-- Constraints for table `role_has_permissions`
--
ALTER TABLE `role_has_permissions`
  ADD CONSTRAINT `role_has_permissions_permission_id_foreign` FOREIGN KEY (`permission_id`) REFERENCES `permissions` (`id`) ON DELETE CASCADE,
  ADD CONSTRAINT `role_has_permissions_role_id_foreign` FOREIGN KEY (`role_id`) REFERENCES `roles` (`id`) ON DELETE CASCADE;

--
-- Constraints for table `siswa`
--
ALTER TABLE `siswa`
  ADD CONSTRAINT `siswa_kelas_id_foreign` FOREIGN KEY (`kelas_id`) REFERENCES `kelas` (`id`) ON DELETE CASCADE;

--
-- Constraints for table `surat_izin_ortu`
--
ALTER TABLE `surat_izin_ortu`
  ADD CONSTRAINT `surat_izin_ortu_siswa_id_foreign` FOREIGN KEY (`siswa_id`) REFERENCES `siswa` (`id`) ON DELETE CASCADE;

--
-- Constraints for table `tempat_pkl`
--
ALTER TABLE `tempat_pkl`
  ADD CONSTRAINT `tempat_pkl_created_by_foreign` FOREIGN KEY (`created_by`) REFERENCES `users` (`id`) ON DELETE CASCADE,
  ADD CONSTRAINT `tempat_pkl_perusahaan_id_foreign` FOREIGN KEY (`perusahaan_id`) REFERENCES `perusahaan` (`id`) ON DELETE CASCADE,
  ADD CONSTRAINT `tempat_pkl_siswa_id_foreign` FOREIGN KEY (`siswa_id`) REFERENCES `siswa` (`id`) ON DELETE CASCADE;
COMMIT;

/*!40101 SET CHARACTER_SET_CLIENT=@OLD_CHARACTER_SET_CLIENT */;
/*!40101 SET CHARACTER_SET_RESULTS=@OLD_CHARACTER_SET_RESULTS */;
/*!40101 SET COLLATION_CONNECTION=@OLD_COLLATION_CONNECTION */;
